-- phpMyAdmin SQL Dump
-- version 5.2.0
-- https://www.phpmyadmin.net/
--
-- Host: localhost:3306
-- Generation Time: Apr 02, 2023 at 04:00 PM
-- Server version: 8.0.30
-- PHP Version: 8.1.10

SET SQL_MODE = "NO_AUTO_VALUE_ON_ZERO";
START TRANSACTION;
SET time_zone = "+00:00";


/*!40101 SET @OLD_CHARACTER_SET_CLIENT=@@CHARACTER_SET_CLIENT */;
/*!40101 SET @OLD_CHARACTER_SET_RESULTS=@@CHARACTER_SET_RESULTS */;
/*!40101 SET @OLD_COLLATION_CONNECTION=@@COLLATION_CONNECTION */;
/*!40101 SET NAMES utf8mb4 */;

--
-- Database: `haisansach`
--

-- --------------------------------------------------------

--
-- Table structure for table `accounts`
--

CREATE TABLE `accounts` (
  `account_id` int NOT NULL,
  `account_name` varchar(50) NOT NULL,
  `account_password` varchar(50) NOT NULL,
  `level_id` int NOT NULL,
  `created_at` date NOT NULL,
  `updated_at` date NOT NULL
) ENGINE=InnoDB DEFAULT CHARSET=utf8mb3;

--
-- Dumping data for table `accounts`
--

INSERT INTO `accounts` (`account_id`, `account_name`, `account_password`, `level_id`, `created_at`, `updated_at`) VALUES
(1, 'suqihan', '47a8d450486c4e1494c4813d91e80675', 2, '2013-03-23', '2031-03-23'),
(2, 'dlynn', '47a8d450486c4e1494c4813d91e80675', 1, '2013-03-23', '2031-03-23'),
(3, 'userr', '47a8d450486c4e1494c4813d91e80675', 4, '2013-03-23', '2031-03-23'),
(4, 'staff', '47a8d450486c4e1494c4813d91e80675', 3, '2013-03-23', '2031-03-23'),
(5, 'chanyien', '47a8d450486c4e1494c4813d91e80675', 2, '2013-03-23', '2031-03-23'),
(6, 'testt', '47a8d450486c4e1494c4813d91e80675', 4, '2015-03-23', '2031-03-23'),
(7, 'test1', 'f13d273dc68f2c87006c43e4d6520c92', 4, '2001-04-23', '2023-04-01'),
(8, 'test2', 'f13d273dc68f2c87006c43e4d6520c92', 4, '2001-04-23', '2023-04-01');

-- --------------------------------------------------------

--
-- Table structure for table `girls`
--

CREATE TABLE `girls` (
  `girl_id` int NOT NULL,
  `girl_name` varchar(100) CHARACTER SET utf8mb3 COLLATE utf8mb3_general_ci NOT NULL,
  `girl_info` varchar(255) CHARACTER SET utf8mb3 COLLATE utf8mb3_general_ci NOT NULL,
  `girl_avatar` varchar(255) CHARACTER SET utf8mb3 COLLATE utf8mb3_general_ci NOT NULL,
  `price` int NOT NULL,
  `origin_id` int NOT NULL,
  `folder` varchar(100) NOT NULL,
  `created_at` date NOT NULL,
  `updated_at` date NOT NULL
) ENGINE=InnoDB DEFAULT CHARSET=utf8mb3;

--
-- Dumping data for table `girls`
--

INSERT INTO `girls` (`girl_id`, `girl_name`, `girl_info`, `girl_avatar`, `price`, `origin_id`, `folder`, `created_at`, `updated_at`) VALUES
(1, 'Hà Hoàng', 'https://www.instagram.com/ha_hoang0104/', 'HAHOANG1678350972.jpg', 5000, 7, 'HAHOANG_09-03-23', '2023-03-09', '2023-03-09'),
(2, 'Kiligkira', 'https://www.instagram.com/kiligkira/', 'KILIGKIRA1678351316.jpg', 5000, 8, 'KILIGKIRA_09-03-23', '2023-03-09', '2023-03-09'),
(3, 'Trương Ngọc Ánh', 'https://www.instagram.com/howabt.me/', 'TRUONGNGOCANH1678351416.jpg', 5000, 7, 'TRUONGNGOCANH_09-03-23', '2023-03-09', '2023-03-09'),
(4, 'Phạm Trần Hải Băng', 'https://www.instagram.com/phw.bang_/', 'PHAMTRANHAIBANG1680450765.jpg', 3000, 7, 'PHAMTRANHAIBANG_09-03-23', '2023-03-09', '2002-04-23'),
(5, 'Mai Ngọc Thy', 'https://www.instagram.com/_victoria.darius_/', 'MAINGOCTHY1678351765.jpg', 4000, 7, 'MAINGOCTHY_09-03-23', '2023-03-09', '2023-03-09'),
(6, 'h_h__n_n', 'https://www.instagram.com/h_h__n_n/', 'H_H__N_N1678351899.jpg', 3000, 9, 'H_H__N_N_09-03-23', '2023-03-09', '2023-03-09'),
(7, 'lenlennn', 'https://www.instagram.com/_lenlennn/', 'LENLENNN1678352001.jpg', 4000, 8, 'LENLENNN_09-03-23', '2023-03-09', '2023-03-09'),
(8, 'Quỳnh Anh', 'https://www.instagram.com/wyn.anh/', 'QUYNHANH1678352175.jpg', 3000, 7, 'QUYNHANH_09-03-23', '2023-03-09', '2023-03-09'),
(9, 'Insjinyuan', 'https://www.instagram.com/insjinyuan', 'INSJINYUAN1678352244.jpg', 4000, 8, 'INSJINYUAN_09-03-23', '2023-03-09', '2009-03-23'),
(11, 'Đông Thy', 'https://www.instagram.com/_ndthy.10/', 'DONGTHY1678442056.jpg', 2000, 7, 'DONGTHY_10-03-23', '2023-03-10', '2023-03-10'),
(12, 'Meihui', 'https://www.instagram.com/meihui720/', 'MEIHUI1678442200.jpg', 4000, 8, 'MEIHUI_10-03-23', '2023-03-10', '2023-03-10'),
(13, 'Phạm Thảo Anh', 'https://www.instagram.com/thao.ankk/', 'PHAMTHAOANH1678442276.jpg', 4000, 7, 'PHAMTHAOANH_10-03-23', '2023-03-10', '2023-03-10'),
(14, 'Nguyễn Thùy Trang', 'https://www.instagram.com/trang_miemie/', 'NGUYENTHUYTRANG1678442345.jpg', 1000, 7, 'NGUYENTHUYTRANG_10-03-23', '2023-03-10', '2023-03-10'),
(15, 'Kim Oanh', 'https://www.instagram.com/kimoanhh312/', 'KIMOANH1678442483.jpg', 1000, 7, 'KIMOANH_10-03-23', '2023-03-10', '2023-03-10'),
(16, 'Ayako', 'https://www.instagram.com/ayakoayako731/', 'AYAKO1678442602.jpg', 1000, 8, 'AYAKO_10-03-23', '2023-03-10', '2023-03-10'),
(17, 'Trần Thị Hiền', 'https://www.instagram.com/tranthihien2004/', 'TRANTHIHIEN1678448550.jpg', 1000, 7, 'TRANTHIHIEN_10-03-23', '2023-03-10', '2023-03-10'),
(18, 'Boram__jj', 'https://www.instagram.com/boram__jj/', 'BORAM__JJ1678883951.jpg', 3000, 9, 'BORAM__JJ_15-03-23', '2023-03-15', '2023-03-15'),
(20, 'Duyên Híp', 'https://www.instagram.com/duyenn.hipp/', 'DUYENHIP1680364526.jpg', 4000, 7, 'DUYENHIP_01-04-23', '2023-04-01', '2001-04-23'),
(22, 'Nhi Tăng', 'https://www.instagram.com/_nhitg_/', 'NHITANG1680425603.jpg', 2500, 7, 'NHITANG_02-04-23', '2023-04-02', '2023-04-02'),
(23, 'Aiueo', 'https://www.instagram.com/aiueo_946/', 'AIUEO1680425742.jpg', 3000, 8, 'AIUEO_02-04-23', '2023-04-02', '2023-04-02'),
(24, 'Huỳnh Anh', 'https://www.instagram.com/huynhanh_2107/', 'HUYNHANH1680425807.jpg', 4500, 7, 'HUYNHANH_02-04-23', '2023-04-02', '2023-04-02'),
(25, 'Nguyễn Thị Huyền Trang', 'https://www.instagram.com/rieu_japan/', 'NGUYENTHIHUYENTRANG1680425984.jpg', 2000, 7, 'NGUYENTHIHUYENTRANG_02-04-23', '2023-04-02', '2023-04-02'),
(26, 'Mi Sa', 'https://www.instagram.com/mid9_sun/', 'MISA1680426207.jpg', 3000, 10, 'MISA_02-04-23', '2023-04-02', '2023-04-02'),
(27, 'Thanh Hiền', 'https://www.instagram.com/d.t.t.h1311/', 'THANHHIEN1680426451.jpg', 1000, 7, 'THANHHIEN_02-04-23', '2023-04-02', '2023-04-02'),
(28, 'Sumin', 'https://www.instagram.com/sumin_.0931/', 'SUMIN1680426539.jpg', 4000, 9, 'SUMIN_02-04-23', '2023-04-02', '2023-04-02'),
(29, 'Vũ Diệu Linh', 'https://www.instagram.com/zlnih.178/', 'VUDIEULINH1680426750.jpg', 3500, 7, 'VUDIEULINH_02-04-23', '2023-04-02', '2023-04-02'),
(30, 'Atlaseuu', 'https://www.instagram.com/atlaseuu/', 'ATLASEUU1680426860.jpg', 4000, 9, 'ATLASEUU_02-04-23', '2023-04-02', '2023-04-02'),
(31, 'Oooc', 'https://www.instagram.com/oooc427/', 'OOOC1680427025.jpg', 6000, 8, 'OOOC_02-04-23', '2023-04-02', '2023-04-02'),
(32, 'Giselle', 'https://www.instagram.com/giselleitsmee/', 'GISELLE1680427119.jpg', 5000, 8, 'GISELLE_02-04-23', '2023-04-02', '2023-04-02'),
(33, 'Suet Yi', 'https://www.instagram.com/suetyic_/', 'SUETYI1680427225.jpg', 5000, 8, 'SUETYI_02-04-23', '2023-04-02', '2023-04-02');

-- --------------------------------------------------------

--
-- Table structure for table `levels`
--

CREATE TABLE `levels` (
  `level_id` int NOT NULL,
  `level_name` varchar(50) NOT NULL
) ENGINE=InnoDB DEFAULT CHARSET=utf8mb3;

--
-- Dumping data for table `levels`
--

INSERT INTO `levels` (`level_id`, `level_name`) VALUES
(1, 'Boss'),
(2, 'Manager'),
(3, 'Staff'),
(4, 'User');

-- --------------------------------------------------------

--
-- Table structure for table `origins`
--

CREATE TABLE `origins` (
  `origin_id` int NOT NULL,
  `origin_name` varchar(100) NOT NULL,
  `created_at` date NOT NULL,
  `updated_at` date NOT NULL
) ENGINE=InnoDB DEFAULT CHARSET=utf8mb3;

--
-- Dumping data for table `origins`
--

INSERT INTO `origins` (`origin_id`, `origin_name`, `created_at`, `updated_at`) VALUES
(7, 'Việt Nam', '2023-03-08', '2023-03-08'),
(8, 'Trung Quốc', '2023-03-08', '2023-03-08'),
(9, 'Hàn Quốc', '2023-03-08', '2008-03-23'),
(10, 'Thái Lan', '2023-04-02', '2023-04-02');

-- --------------------------------------------------------

--
-- Table structure for table `photos`
--

CREATE TABLE `photos` (
  `photo_id` int NOT NULL,
  `folder` varchar(255) NOT NULL,
  `name` varchar(255) NOT NULL,
  `girl_id` int NOT NULL
) ENGINE=InnoDB DEFAULT CHARSET=utf8mb3;

--
-- Dumping data for table `photos`
--

INSERT INTO `photos` (`photo_id`, `folder`, `name`, `girl_id`) VALUES
(1, 'INSJINYUAN_09-03-23', 'INSJINYUAN1678352244.jpg', 9),
(2, 'QUYNHANH_09-03-23', 'QUYNHANH1678352175.jpg', 8),
(3, 'LENLENNN_09-03-23', 'LENLENNN1678352001.jpg', 7),
(4, 'H_H__N_N_09-03-23', 'H_H__N_N1678351899.jpg', 6),
(5, 'MAINGOCTHY_09-03-23', 'MAINGOCTHY1678351765.jpg', 5),
(6, 'PHAMTRANHAIBANG_09-03-23', 'PHAMTRANHAIBANG1678351629.jpg', 4),
(7, 'TRUONGNGOCANH_09-03-23', 'TRUONGNGOCANH1678351416.jpg', 3),
(8, 'KILIGKIRA_09-03-23', 'KILIGKIRA1678351316.jpg', 2),
(10, 'HAHOANG_09-03-23', 'HAHOANG1678350972.jpg', 1),
(12, 'DUYENHIP_10-03-23', 'DUYENHIP1678441846.jpg', 10),
(13, 'DONGTHY_10-03-23', 'DONGTHY1678442056.jpg', 11),
(14, 'MEIHUI_10-03-23', 'MEIHUI1678442200.jpg', 12),
(15, 'PHAMTHAOANH_10-03-23', 'PHAMTHAOANH1678442276.jpg', 13),
(16, 'NGUYENTHUYTRANG_10-03-23', 'NGUYENTHUYTRANG1678442345.jpg', 14),
(17, 'KIMOANH_10-03-23', 'KIMOANH1678442483.jpg', 15),
(18, 'AYAKO_10-03-23', 'AYAKO1678442602.jpg', 16),
(19, 'TRANTHIHIEN_10-03-23', 'TRANTHIHIEN1678448550.jpg', 17),
(24, 'HAHOANG_09-03-23', 'HAHOANG0.99997000 1678777291.jpg', 1),
(25, 'HAHOANG_09-03-23', 'HAHOANG0.04403300 1678777292.jpg', 1),
(26, 'HAHOANG_09-03-23', 'HAHOANG0.06809800 1678777292.jpg', 1),
(27, 'HAHOANG_09-03-23', 'HAHOANG0.08447000 1678777292.jpg', 1),
(28, 'TRANTHIHIEN_10-03-23', 'TRANTHIHIEN0.58572500 1678802080.jpg', 17),
(29, 'TRANTHIHIEN_10-03-23', 'TRANTHIHIEN0.70336200 1678802080.jpg', 17),
(30, 'TRANTHIHIEN_10-03-23', 'TRANTHIHIEN0.72192700 1678802080.jpg', 17),
(31, 'TRANTHIHIEN_10-03-23', 'TRANTHIHIEN0.73647900 1678802080.jpg', 17),
(32, 'TRANTHIHIEN_10-03-23', 'TRANTHIHIEN0.77024400 1678802080.jpg', 17),
(33, 'TRANTHIHIEN_10-03-23', 'TRANTHIHIEN0.79717700 1678802080.jpg', 17),
(34, 'TRANTHIHIEN_10-03-23', 'TRANTHIHIEN0.81207100 1678802080.jpg', 17),
(35, 'TRANTHIHIEN_10-03-23', 'TRANTHIHIEN0.87192000 1678802080.jpg', 17),
(36, 'TRANTHIHIEN_10-03-23', 'TRANTHIHIEN0.88702200 1678802080.jpg', 17),
(37, 'TRANTHIHIEN_10-03-23', 'TRANTHIHIEN0.92197300 1678802080.jpg', 17),
(38, 'TRANTHIHIEN_10-03-23', 'TRANTHIHIEN0.93673000 1678802080.jpg', 17),
(39, 'TRANTHIHIEN_10-03-23', 'TRANTHIHIEN0.05096000 1678802379.jpg', 17),
(40, 'TRANTHIHIEN_10-03-23', 'TRANTHIHIEN0.10933200 1678802379.jpg', 17),
(41, 'TRANTHIHIEN_10-03-23', 'TRANTHIHIEN0.12875100 1678802379.jpg', 17),
(42, 'TRANTHIHIEN_10-03-23', 'TRANTHIHIEN0.14188300 1678802379.jpg', 17),
(43, 'TRANTHIHIEN_10-03-23', 'TRANTHIHIEN0.16222000 1678802379.jpg', 17),
(44, 'TRANTHIHIEN_10-03-23', 'TRANTHIHIEN0.17535000 1678802379.jpg', 17),
(45, 'TRANTHIHIEN_10-03-23', 'TRANTHIHIEN0.19561100 1678802379.jpg', 17),
(46, 'TRANTHIHIEN_10-03-23', 'TRANTHIHIEN0.21678900 1678802379.jpg', 17),
(47, 'TRANTHIHIEN_10-03-23', 'TRANTHIHIEN0.23723600 1678802379.jpg', 17),
(49, 'BORAM__JJ_15-03-23', 'BORAM__JJ1678883951.jpg', 18),
(50, 'BORAM__JJ_15-03-23', 'BORAM__JJ0.47642600 1678883976.jpg', 18),
(51, 'BORAM__JJ_15-03-23', 'BORAM__JJ0.53968400 1678883976.jpg', 18),
(52, 'BORAM__JJ_15-03-23', 'BORAM__JJ0.55489900 1678883976.jpg', 18),
(53, 'BORAM__JJ_15-03-23', 'BORAM__JJ0.58927400 1678883976.jpg', 18),
(54, 'BORAM__JJ_15-03-23', 'BORAM__JJ0.63793900 1678883976.jpg', 18),
(55, 'DUYENHIP_01-04-23', 'DUYENHIP0.64253500 1680366959.jpg', 20),
(56, 'DUYENHIP_01-04-23', 'DUYENHIP0.71153900 1680366959.jpg', 20),
(57, 'DUYENHIP_01-04-23', 'DUYENHIP0.72445400 1680366959.jpg', 20),
(58, 'DUYENHIP_01-04-23', 'DUYENHIP0.74395800 1680366959.jpg', 20),
(59, 'NHITANG_02-04-23', 'NHITANG1680425603.jpg', 22),
(60, 'NHITANG_02-04-23', 'NHITANG0.57960300 1680425616.jpg', 22),
(61, 'AIUEO_02-04-23', 'AIUEO1680425742.jpg', 23),
(62, 'HUYNHANH_02-04-23', 'HUYNHANH1680425807.jpg', 24),
(63, 'NGUYENTHIHUYENTRANG_02-04-23', 'NGUYENTHIHUYENTRANG1680425984.jpg', 25),
(64, 'NGUYENTHIHUYENTRANG_02-04-23', 'NGUYENTHIHUYENTRANG0.59933000 1680426004.jpg', 25),
(65, 'NGUYENTHIHUYENTRANG_02-04-23', 'NGUYENTHIHUYENTRANG0.66501300 1680426004.jpg', 25),
(66, 'NGUYENTHIHUYENTRANG_02-04-23', 'NGUYENTHIHUYENTRANG0.69814500 1680426004.jpg', 25),
(67, 'MISA_02-04-23', 'MISA1680426207.jpg', 26),
(68, 'MISA_02-04-23', 'MISA0.61151200 1680426224.jpg', 26),
(69, 'MISA_02-04-23', 'MISA0.68626500 1680426224.jpg', 26),
(70, 'MISA_02-04-23', 'MISA0.69904100 1680426224.jpg', 26),
(71, 'THANHHIEN_02-04-23', 'THANHHIEN1680426451.jpg', 27),
(72, 'THANHHIEN_02-04-23', 'THANHHIEN0.16075900 1680426470.jpg', 27),
(73, 'THANHHIEN_02-04-23', 'THANHHIEN0.22018200 1680426470.jpg', 27),
(74, 'SUMIN_02-04-23', 'SUMIN1680426539.jpg', 28),
(75, 'SUMIN_02-04-23', 'SUMIN0.65165600 1680426560.jpg', 28),
(76, 'SUMIN_02-04-23', 'SUMIN0.72677600 1680426560.jpg', 28),
(77, 'VUDIEULINH_02-04-23', 'VUDIEULINH1680426750.jpg', 29),
(78, 'VUDIEULINH_02-04-23', 'VUDIEULINH0.59938400 1680426770.jpg', 29),
(79, 'VUDIEULINH_02-04-23', 'VUDIEULINH0.65642300 1680426770.jpg', 29),
(80, 'VUDIEULINH_02-04-23', 'VUDIEULINH0.66972000 1680426770.jpg', 29),
(81, 'VUDIEULINH_02-04-23', 'VUDIEULINH0.68965300 1680426770.jpg', 29),
(82, 'VUDIEULINH_02-04-23', 'VUDIEULINH0.71953900 1680426770.jpg', 29),
(83, 'VUDIEULINH_02-04-23', 'VUDIEULINH0.73960300 1680426770.jpg', 29),
(84, 'ATLASEUU_02-04-23', 'ATLASEUU1680426860.jpg', 30),
(85, 'OOOC_02-04-23', 'OOOC1680427025.jpg', 31),
(86, 'GISELLE_02-04-23', 'GISELLE1680427119.jpg', 32),
(87, 'SUETYI_02-04-23', 'SUETYI1680427225.jpg', 33),
(88, 'HAHOANG_09-03-23', 'HAHOANG0.51139000 1680441329.jpg', 1),
(89, 'HAHOANG_09-03-23', 'HAHOANG0.62057000 1680441329.jpg', 1),
(90, 'HAHOANG_09-03-23', 'HAHOANG0.63418700 1680441329.jpg', 1),
(91, 'HAHOANG_09-03-23', 'HAHOANG0.65329700 1680441329.jpg', 1),
(92, 'HAHOANG_09-03-23', 'HAHOANG0.66746000 1680441329.jpg', 1),
(93, 'HAHOANG_09-03-23', 'HAHOANG0.68655400 1680441329.jpg', 1),
(94, 'HAHOANG_09-03-23', 'HAHOANG0.70100200 1680441329.jpg', 1),
(95, 'HAHOANG_09-03-23', 'HAHOANG0.72031300 1680441329.jpg', 1),
(96, 'HAHOANG_09-03-23', 'HAHOANG0.73414900 1680441329.jpg', 1),
(97, 'HAHOANG_09-03-23', 'HAHOANG0.75291300 1680441329.jpg', 1),
(98, 'HAHOANG_09-03-23', 'HAHOANG0.76743200 1680441329.jpg', 1),
(99, 'HAHOANG_09-03-23', 'HAHOANG0.80295100 1680441329.jpg', 1),
(100, 'HAHOANG_09-03-23', 'HAHOANG0.81734200 1680441329.jpg', 1),
(101, 'HAHOANG_09-03-23', 'HAHOANG0.83617800 1680441329.jpg', 1),
(102, 'DONGTHY_10-03-23', 'DONGTHY0.46143800 1680447210.jpg', 11),
(103, 'DONGTHY_10-03-23', 'DONGTHY0.53965400 1680447210.jpg', 11),
(104, 'DONGTHY_10-03-23', 'DONGTHY0.55835000 1680447210.jpg', 11),
(105, 'DONGTHY_10-03-23', 'DONGTHY0.57950300 1680447210.jpg', 11),
(106, 'DONGTHY_10-03-23', 'DONGTHY0.60838700 1680447210.jpg', 11),
(107, 'DONGTHY_10-03-23', 'DONGTHY0.64172900 1680447210.jpg', 11),
(108, 'DONGTHY_10-03-23', 'DONGTHY0.66342600 1680447210.jpg', 11),
(109, 'DONGTHY_10-03-23', 'DONGTHY0.68378700 1680447210.jpg', 11),
(110, 'DONGTHY_10-03-23', 'DONGTHY0.70511600 1680447210.jpg', 11),
(111, 'DONGTHY_10-03-23', 'DONGTHY0.72501000 1680447210.jpg', 11),
(112, 'DONGTHY_10-03-23', 'DONGTHY0.73866800 1680447210.jpg', 11),
(113, 'DONGTHY_10-03-23', 'DONGTHY0.75846000 1680447210.jpg', 11),
(114, 'DONGTHY_10-03-23', 'DONGTHY0.80079400 1680447210.jpg', 11),
(115, 'DONGTHY_10-03-23', 'DONGTHY0.82181500 1680447210.jpg', 11),
(116, 'DONGTHY_10-03-23', 'DONGTHY0.84245700 1680447210.jpg', 11),
(117, 'DONGTHY_10-03-23', 'DONGTHY0.86374900 1680447210.jpg', 11),
(118, 'DONGTHY_10-03-23', 'DONGTHY0.88420900 1680447210.jpg', 11),
(119, 'DONGTHY_10-03-23', 'DONGTHY0.90549200 1680447210.jpg', 11),
(120, 'DONGTHY_10-03-23', 'DONGTHY0.92566500 1680447210.jpg', 11),
(121, 'DONGTHY_10-03-23', 'DONGTHY0.94718700 1680447210.jpg', 11),
(122, 'DONGTHY_10-03-23', 'DONGTHY0.96734500 1680447210.jpg', 11),
(123, 'DONGTHY_10-03-23', 'DONGTHY0.98883700 1680447210.jpg', 11),
(124, 'DONGTHY_10-03-23', 'DONGTHY0.01758500 1680447211.jpg', 11),
(125, 'DONGTHY_10-03-23', 'DONGTHY0.04695900 1680447211.jpg', 11),
(126, 'DONGTHY_10-03-23', 'DONGTHY0.05986300 1680447211.jpg', 11),
(127, 'DONGTHY_10-03-23', 'DONGTHY0.08040000 1680447211.jpg', 11),
(128, 'DONGTHY_10-03-23', 'DONGTHY0.10323800 1680447211.jpg', 11),
(129, 'DONGTHY_10-03-23', 'DONGTHY0.12213900 1680447211.jpg', 11),
(130, 'DONGTHY_10-03-23', 'DONGTHY0.16558400 1680447211.jpg', 11),
(131, 'DONGTHY_10-03-23', 'DONGTHY0.18883000 1680447211.jpg', 11),
(132, 'DONGTHY_10-03-23', 'DONGTHY0.20153200 1680447211.jpg', 11),
(133, 'DONGTHY_10-03-23', 'DONGTHY0.23076700 1680447211.jpg', 11),
(134, 'DONGTHY_10-03-23', 'DONGTHY0.24328000 1680447211.jpg', 11),
(135, 'DONGTHY_10-03-23', 'DONGTHY0.26371400 1680447211.jpg', 11),
(136, 'DONGTHY_10-03-23', 'DONGTHY0.27639500 1680447211.jpg', 11),
(137, 'DONGTHY_10-03-23', 'DONGTHY0.29696300 1680447211.jpg', 11),
(138, 'DONGTHY_10-03-23', 'DONGTHY0.31828800 1680447211.jpg', 11),
(139, 'DONGTHY_10-03-23', 'DONGTHY0.33893800 1680447211.jpg', 11),
(140, 'DONGTHY_10-03-23', 'DONGTHY0.35165100 1680447211.jpg', 11),
(141, 'DONGTHY_10-03-23', 'DONGTHY0.37238600 1680447211.jpg', 11),
(142, 'DONGTHY_10-03-23', 'DONGTHY0.39772600 1680447211.jpg', 11),
(143, 'DONGTHY_10-03-23', 'DONGTHY0.41848900 1680447211.jpg', 11),
(144, 'DONGTHY_10-03-23', 'DONGTHY0.43824400 1680447211.jpg', 11),
(145, 'DONGTHY_10-03-23', 'DONGTHY0.46002000 1680447211.jpg', 11),
(146, 'DONGTHY_10-03-23', 'DONGTHY0.54706000 1680447211.jpg', 11),
(147, 'DONGTHY_10-03-23', 'DONGTHY0.58864700 1680447211.jpg', 11),
(148, 'DONGTHY_10-03-23', 'DONGTHY0.69688600 1680447211.jpg', 11),
(149, 'DONGTHY_10-03-23', 'DONGTHY0.77194100 1680447211.jpg', 11),
(150, 'DONGTHY_10-03-23', 'DONGTHY0.83851700 1680447211.jpg', 11),
(151, 'DONGTHY_10-03-23', 'DONGTHY0.95495500 1680447211.jpg', 11),
(152, 'DONGTHY_10-03-23', 'DONGTHY0.00117300 1680447212.jpg', 11),
(153, 'DONGTHY_10-03-23', 'DONGTHY0.09732500 1680447212.jpg', 11),
(154, 'DONGTHY_10-03-23', 'DONGTHY0.17212700 1680447212.jpg', 11),
(155, 'DONGTHY_10-03-23', 'DONGTHY0.22643900 1680447212.jpg', 11),
(156, 'DONGTHY_10-03-23', 'DONGTHY0.26045300 1680447212.jpg', 11),
(157, 'INSJINYUAN_09-03-23', 'INSJINYUAN0.40331800 1680447527.jpg', 9),
(158, 'INSJINYUAN_09-03-23', 'INSJINYUAN0.48015700 1680447527.jpg', 9),
(159, 'INSJINYUAN_09-03-23', 'INSJINYUAN0.50923800 1680447527.jpg', 9),
(160, 'INSJINYUAN_09-03-23', 'INSJINYUAN0.52938700 1680447527.jpg', 9),
(161, 'INSJINYUAN_09-03-23', 'INSJINYUAN0.55881600 1680447527.jpg', 9),
(162, 'INSJINYUAN_09-03-23', 'INSJINYUAN0.57106900 1680447527.jpg', 9),
(163, 'INSJINYUAN_09-03-23', 'INSJINYUAN0.59226000 1680447527.jpg', 9),
(164, 'INSJINYUAN_09-03-23', 'INSJINYUAN0.60437200 1680447527.jpg', 9),
(165, 'INSJINYUAN_09-03-23', 'INSJINYUAN0.62544700 1680447527.jpg', 9),
(166, 'INSJINYUAN_09-03-23', 'INSJINYUAN0.63783600 1680447527.jpg', 9),
(167, 'INSJINYUAN_09-03-23', 'INSJINYUAN0.66643900 1680447527.jpg', 9),
(168, 'INSJINYUAN_09-03-23', 'INSJINYUAN0.68739300 1680447527.jpg', 9),
(169, 'INSJINYUAN_09-03-23', 'INSJINYUAN0.70860500 1680447527.jpg', 9),
(170, 'INSJINYUAN_09-03-23', 'INSJINYUAN0.72929000 1680447527.jpg', 9),
(171, 'INSJINYUAN_09-03-23', 'INSJINYUAN0.74992100 1680447527.jpg', 9),
(172, 'INSJINYUAN_09-03-23', 'INSJINYUAN0.76264800 1680447527.jpg', 9),
(173, 'INSJINYUAN_09-03-23', 'INSJINYUAN0.78320200 1680447527.jpg', 9),
(174, 'INSJINYUAN_09-03-23', 'INSJINYUAN0.79599700 1680447527.jpg', 9),
(175, 'INSJINYUAN_09-03-23', 'INSJINYUAN0.81660400 1680447527.jpg', 9),
(176, 'INSJINYUAN_09-03-23', 'INSJINYUAN0.82955400 1680447527.jpg', 9),
(177, 'INSJINYUAN_09-03-23', 'INSJINYUAN0.85861700 1680447527.jpg', 9),
(178, 'INSJINYUAN_09-03-23', 'INSJINYUAN0.87914300 1680447527.jpg', 9),
(179, 'INSJINYUAN_09-03-23', 'INSJINYUAN0.89986200 1680447527.jpg', 9),
(180, 'INSJINYUAN_09-03-23', 'INSJINYUAN0.92105100 1680447527.jpg', 9),
(181, 'INSJINYUAN_09-03-23', 'INSJINYUAN0.99223200 1680447527.jpg', 9),
(182, 'INSJINYUAN_09-03-23', 'INSJINYUAN0.03131000 1680447528.jpg', 9),
(183, 'INSJINYUAN_09-03-23', 'INSJINYUAN0.08353500 1680447528.jpg', 9),
(184, 'INSJINYUAN_09-03-23', 'INSJINYUAN0.15011700 1680447528.jpg', 9),
(185, 'INSJINYUAN_09-03-23', 'INSJINYUAN0.21461400 1680447528.jpg', 9),
(186, 'INSJINYUAN_09-03-23', 'INSJINYUAN0.24617800 1680447528.jpg', 9),
(187, 'INSJINYUAN_09-03-23', 'INSJINYUAN0.32591500 1680447528.jpg', 9),
(188, 'INSJINYUAN_09-03-23', 'INSJINYUAN0.36673100 1680447528.jpg', 9),
(189, 'INSJINYUAN_09-03-23', 'INSJINYUAN0.38758400 1680447528.jpg', 9),
(190, 'QUYNHANH_09-03-23', 'QUYNHANH0.45965000 1680448114.jpg', 8),
(191, 'QUYNHANH_09-03-23', 'QUYNHANH0.53535800 1680448114.jpg', 8),
(192, 'QUYNHANH_09-03-23', 'QUYNHANH0.59075100 1680448114.jpg', 8),
(193, 'QUYNHANH_09-03-23', 'QUYNHANH0.60627000 1680448114.jpg', 8),
(194, 'QUYNHANH_09-03-23', 'QUYNHANH0.62607600 1680448114.jpg', 8),
(195, 'QUYNHANH_09-03-23', 'QUYNHANH0.63948200 1680448114.jpg', 8),
(196, 'QUYNHANH_09-03-23', 'QUYNHANH0.65789800 1680448114.jpg', 8),
(197, 'QUYNHANH_09-03-23', 'QUYNHANH0.67278800 1680448114.jpg', 8),
(198, 'QUYNHANH_09-03-23', 'QUYNHANH0.69107500 1680448114.jpg', 8),
(199, 'QUYNHANH_09-03-23', 'QUYNHANH0.70620200 1680448114.jpg', 8),
(200, 'QUYNHANH_09-03-23', 'QUYNHANH0.72445600 1680448114.jpg', 8),
(201, 'QUYNHANH_09-03-23', 'QUYNHANH0.73932600 1680448114.jpg', 8),
(202, 'QUYNHANH_09-03-23', 'QUYNHANH0.75791000 1680448114.jpg', 8),
(203, 'QUYNHANH_09-03-23', 'QUYNHANH0.83283900 1680448114.jpg', 8),
(204, 'QUYNHANH_09-03-23', 'QUYNHANH0.84787800 1680448114.jpg', 8),
(205, 'QUYNHANH_09-03-23', 'QUYNHANH0.93427900 1680448114.jpg', 8),
(206, 'QUYNHANH_09-03-23', 'QUYNHANH0.96610900 1680448114.jpg', 8),
(207, 'QUYNHANH_09-03-23', 'QUYNHANH0.04969000 1680448115.jpg', 8),
(208, 'QUYNHANH_09-03-23', 'QUYNHANH0.24107800 1680448115.jpg', 8),
(209, 'QUYNHANH_09-03-23', 'QUYNHANH0.25603100 1680448115.jpg', 8),
(210, 'QUYNHANH_09-03-23', 'QUYNHANH0.27436500 1680448115.jpg', 8),
(211, 'QUYNHANH_09-03-23', 'QUYNHANH0.28959200 1680448115.jpg', 8),
(212, 'QUYNHANH_09-03-23', 'QUYNHANH0.30785400 1680448115.jpg', 8),
(213, 'QUYNHANH_09-03-23', 'QUYNHANH0.32286000 1680448115.jpg', 8),
(214, 'QUYNHANH_09-03-23', 'QUYNHANH0.34115800 1680448115.jpg', 8),
(215, 'QUYNHANH_09-03-23', 'QUYNHANH0.35569700 1680448115.jpg', 8),
(216, 'QUYNHANH_09-03-23', 'QUYNHANH0.37447900 1680448115.jpg', 8),
(217, 'QUYNHANH_09-03-23', 'QUYNHANH0.38916000 1680448115.jpg', 8),
(218, 'QUYNHANH_09-03-23', 'QUYNHANH0.40781400 1680448115.jpg', 8),
(219, 'QUYNHANH_09-03-23', 'QUYNHANH0.42259600 1680448115.jpg', 8),
(220, 'QUYNHANH_09-03-23', 'QUYNHANH0.44109300 1680448115.jpg', 8),
(221, 'QUYNHANH_09-03-23', 'QUYNHANH0.45613800 1680448115.jpg', 8),
(222, 'QUYNHANH_09-03-23', 'QUYNHANH0.47449400 1680448115.jpg', 8),
(223, 'QUYNHANH_09-03-23', 'QUYNHANH0.48943700 1680448115.jpg', 8),
(224, 'QUYNHANH_09-03-23', 'QUYNHANH0.50795200 1680448115.jpg', 8),
(225, 'QUYNHANH_09-03-23', 'QUYNHANH0.52249800 1680448115.jpg', 8),
(226, 'QUYNHANH_09-03-23', 'QUYNHANH0.54116400 1680448115.jpg', 8),
(227, 'QUYNHANH_09-03-23', 'QUYNHANH0.55570300 1680448115.jpg', 8),
(228, 'QUYNHANH_09-03-23', 'QUYNHANH0.57443300 1680448115.jpg', 8),
(229, 'QUYNHANH_09-03-23', 'QUYNHANH0.59790500 1680448115.jpg', 8),
(230, 'QUYNHANH_09-03-23', 'QUYNHANH0.61660600 1680448115.jpg', 8),
(231, 'QUYNHANH_09-03-23', 'QUYNHANH0.63191500 1680448115.jpg', 8),
(232, 'QUYNHANH_09-03-23', 'QUYNHANH0.64949900 1680448115.jpg', 8),
(233, 'QUYNHANH_09-03-23', 'QUYNHANH0.66842200 1680448115.jpg', 8),
(234, 'QUYNHANH_09-03-23', 'QUYNHANH0.69109200 1680448115.jpg', 8),
(235, 'QUYNHANH_09-03-23', 'QUYNHANH0.70573300 1680448115.jpg', 8),
(236, 'QUYNHANH_09-03-23', 'QUYNHANH0.72442500 1680448115.jpg', 8),
(237, 'QUYNHANH_09-03-23', 'QUYNHANH0.73914200 1680448115.jpg', 8),
(238, 'QUYNHANH_09-03-23', 'QUYNHANH0.75776600 1680448115.jpg', 8),
(239, 'QUYNHANH_09-03-23', 'QUYNHANH0.77278900 1680448115.jpg', 8),
(240, 'QUYNHANH_09-03-23', 'QUYNHANH0.79128500 1680448115.jpg', 8),
(241, 'QUYNHANH_09-03-23', 'QUYNHANH0.80625600 1680448115.jpg', 8),
(242, 'QUYNHANH_09-03-23', 'QUYNHANH0.82459100 1680448115.jpg', 8),
(243, 'QUYNHANH_09-03-23', 'QUYNHANH0.84370300 1680448115.jpg', 8),
(244, 'QUYNHANH_09-03-23', 'QUYNHANH0.86715800 1680448115.jpg', 8),
(245, 'QUYNHANH_09-03-23', 'QUYNHANH0.88120800 1680448115.jpg', 8),
(246, 'QUYNHANH_09-03-23', 'QUYNHANH0.89959300 1680448115.jpg', 8),
(247, 'QUYNHANH_09-03-23', 'QUYNHANH0.92023800 1680448115.jpg', 8),
(248, 'QUYNHANH_09-03-23', 'QUYNHANH0.94147100 1680448115.jpg', 8),
(249, 'QUYNHANH_09-03-23', 'QUYNHANH0.95606600 1680448115.jpg', 8),
(250, 'QUYNHANH_09-03-23', 'QUYNHANH0.97451000 1680448115.jpg', 8),
(251, 'QUYNHANH_09-03-23', 'QUYNHANH0.98935000 1680448115.jpg', 8),
(252, 'QUYNHANH_09-03-23', 'QUYNHANH0.00788200 1680448116.jpg', 8),
(253, 'QUYNHANH_09-03-23', 'QUYNHANH0.02230400 1680448116.jpg', 8),
(254, 'QUYNHANH_09-03-23', 'QUYNHANH0.04124400 1680448116.jpg', 8),
(255, 'QUYNHANH_09-03-23', 'QUYNHANH0.05588800 1680448116.jpg', 8),
(256, 'QUYNHANH_09-03-23', 'QUYNHANH0.07454200 1680448116.jpg', 8),
(257, 'QUYNHANH_09-03-23', 'QUYNHANH0.08920700 1680448116.jpg', 8),
(258, 'QUYNHANH_09-03-23', 'QUYNHANH0.10789600 1680448116.jpg', 8),
(259, 'QUYNHANH_09-03-23', 'QUYNHANH0.12276700 1680448116.jpg', 8),
(260, 'QUYNHANH_09-03-23', 'QUYNHANH0.14121600 1680448116.jpg', 8),
(261, 'QUYNHANH_09-03-23', 'QUYNHANH0.15624200 1680448116.jpg', 8),
(262, 'QUYNHANH_09-03-23', 'QUYNHANH0.17463700 1680448116.jpg', 8),
(263, 'QUYNHANH_09-03-23', 'QUYNHANH0.18911400 1680448116.jpg', 8),
(264, 'QUYNHANH_09-03-23', 'QUYNHANH0.20860100 1680448116.jpg', 8),
(265, 'QUYNHANH_09-03-23', 'QUYNHANH0.22257500 1680448116.jpg', 8),
(266, 'QUYNHANH_09-03-23', 'QUYNHANH0.24142200 1680448116.jpg', 8),
(267, 'QUYNHANH_09-03-23', 'QUYNHANH0.25620000 1680448116.jpg', 8),
(268, 'QUYNHANH_09-03-23', 'QUYNHANH0.27455500 1680448116.jpg', 8),
(269, 'QUYNHANH_09-03-23', 'QUYNHANH0.28933000 1680448116.jpg', 8),
(270, 'LENLENNN_09-03-23', 'LENLENNN0.76643100 1680448356.jpg', 7),
(271, 'LENLENNN_09-03-23', 'LENLENNN0.86346300 1680448356.jpg', 7),
(272, 'LENLENNN_09-03-23', 'LENLENNN0.90303400 1680448356.jpg', 7),
(273, 'LENLENNN_09-03-23', 'LENLENNN0.91788700 1680448356.jpg', 7),
(274, 'LENLENNN_09-03-23', 'LENLENNN0.93656200 1680448356.jpg', 7),
(275, 'LENLENNN_09-03-23', 'LENLENNN0.95132500 1680448356.jpg', 7),
(276, 'LENLENNN_09-03-23', 'LENLENNN0.96989700 1680448356.jpg', 7),
(277, 'LENLENNN_09-03-23', 'LENLENNN0.98466100 1680448356.jpg', 7),
(278, 'LENLENNN_09-03-23', 'LENLENNN0.05320100 1680448357.jpg', 7),
(279, 'LENLENNN_09-03-23', 'LENLENNN0.10341400 1680448357.jpg', 7),
(280, 'LENLENNN_09-03-23', 'LENLENNN0.13656700 1680448357.jpg', 7),
(281, 'LENLENNN_09-03-23', 'LENLENNN0.15612300 1680448357.jpg', 7),
(282, 'LENLENNN_09-03-23', 'LENLENNN0.17839100 1680448357.jpg', 7),
(283, 'LENLENNN_09-03-23', 'LENLENNN0.19211300 1680448357.jpg', 7),
(284, 'LENLENNN_09-03-23', 'LENLENNN0.21192400 1680448357.jpg', 7),
(285, 'LENLENNN_09-03-23', 'LENLENNN0.22550700 1680448357.jpg', 7),
(286, 'LENLENNN_09-03-23', 'LENLENNN0.25723500 1680448357.jpg', 7),
(287, 'LENLENNN_09-03-23', 'LENLENNN0.27574000 1680448357.jpg', 7),
(288, 'LENLENNN_09-03-23', 'LENLENNN0.29897400 1680448357.jpg', 7),
(289, 'LENLENNN_09-03-23', 'LENLENNN0.31752300 1680448357.jpg', 7),
(290, 'LENLENNN_09-03-23', 'LENLENNN0.34063700 1680448357.jpg', 7),
(291, 'LENLENNN_09-03-23', 'LENLENNN0.36522000 1680448357.jpg', 7),
(292, 'LENLENNN_09-03-23', 'LENLENNN0.39107000 1680448357.jpg', 7),
(293, 'LENLENNN_09-03-23', 'LENLENNN0.40899100 1680448357.jpg', 7),
(294, 'LENLENNN_09-03-23', 'LENLENNN0.43223400 1680448357.jpg', 7),
(295, 'LENLENNN_09-03-23', 'LENLENNN0.45046100 1680448357.jpg', 7),
(296, 'LENLENNN_09-03-23', 'LENLENNN0.48456100 1680448357.jpg', 7),
(297, 'LENLENNN_09-03-23', 'LENLENNN0.50057200 1680448357.jpg', 7),
(298, 'LENLENNN_09-03-23', 'LENLENNN0.54067200 1680448357.jpg', 7),
(299, 'LENLENNN_09-03-23', 'LENLENNN0.55947100 1680448357.jpg', 7),
(300, 'LENLENNN_09-03-23', 'LENLENNN0.58222900 1680448357.jpg', 7),
(301, 'LENLENNN_09-03-23', 'LENLENNN0.60093500 1680448357.jpg', 7),
(302, 'LENLENNN_09-03-23', 'LENLENNN0.62390900 1680448357.jpg', 7),
(303, 'LENLENNN_09-03-23', 'LENLENNN0.64262100 1680448357.jpg', 7),
(304, 'LENLENNN_09-03-23', 'LENLENNN0.66546400 1680448357.jpg', 7),
(305, 'LENLENNN_09-03-23', 'LENLENNN0.68444700 1680448357.jpg', 7),
(306, 'LENLENNN_09-03-23', 'LENLENNN0.70719800 1680448357.jpg', 7),
(307, 'LENLENNN_09-03-23', 'LENLENNN0.72615800 1680448357.jpg', 7),
(308, 'LENLENNN_09-03-23', 'LENLENNN0.74878500 1680448357.jpg', 7),
(309, 'LENLENNN_09-03-23', 'LENLENNN0.76789800 1680448357.jpg', 7),
(310, 'LENLENNN_09-03-23', 'LENLENNN0.80730900 1680448357.jpg', 7),
(311, 'LENLENNN_09-03-23', 'LENLENNN0.86682400 1680448357.jpg', 7),
(312, 'LENLENNN_09-03-23', 'LENLENNN0.90086500 1680448357.jpg', 7),
(313, 'LENLENNN_09-03-23', 'LENLENNN0.92384000 1680448357.jpg', 7),
(314, 'LENLENNN_09-03-23', 'LENLENNN0.94271700 1680448357.jpg', 7),
(315, 'H_H__N_N_09-03-23', 'H_H__N_N0.84277700 1680448849.jpg', 6),
(316, 'H_H__N_N_09-03-23', 'H_H__N_N0.92375300 1680448849.jpg', 6),
(317, 'H_H__N_N_09-03-23', 'H_H__N_N0.94055200 1680448849.jpg', 6),
(318, 'H_H__N_N_09-03-23', 'H_H__N_N0.96383400 1680448849.jpg', 6),
(319, 'H_H__N_N_09-03-23', 'H_H__N_N0.99943800 1680448849.jpg', 6),
(320, 'H_H__N_N_09-03-23', 'H_H__N_N0.02487000 1680448850.jpg', 6),
(321, 'H_H__N_N_09-03-23', 'H_H__N_N0.12250900 1680448850.jpg', 6),
(322, 'H_H__N_N_09-03-23', 'H_H__N_N0.16414400 1680448850.jpg', 6),
(323, 'H_H__N_N_09-03-23', 'H_H__N_N0.24069700 1680448850.jpg', 6),
(324, 'H_H__N_N_09-03-23', 'H_H__N_N0.28039000 1680448850.jpg', 6),
(325, 'H_H__N_N_09-03-23', 'H_H__N_N0.29875400 1680448850.jpg', 6),
(326, 'H_H__N_N_09-03-23', 'H_H__N_N0.32194900 1680448850.jpg', 6),
(327, 'H_H__N_N_09-03-23', 'H_H__N_N0.34088600 1680448850.jpg', 6),
(328, 'H_H__N_N_09-03-23', 'H_H__N_N0.36380500 1680448850.jpg', 6),
(329, 'H_H__N_N_09-03-23', 'H_H__N_N0.38757300 1680448850.jpg', 6),
(330, 'H_H__N_N_09-03-23', 'H_H__N_N0.41362400 1680448850.jpg', 6),
(331, 'H_H__N_N_09-03-23', 'H_H__N_N0.43174400 1680448850.jpg', 6),
(332, 'H_H__N_N_09-03-23', 'H_H__N_N0.45590900 1680448850.jpg', 6),
(333, 'H_H__N_N_09-03-23', 'H_H__N_N0.47401900 1680448850.jpg', 6),
(334, 'H_H__N_N_09-03-23', 'H_H__N_N0.49697200 1680448850.jpg', 6),
(335, 'H_H__N_N_09-03-23', 'H_H__N_N0.51525500 1680448850.jpg', 6),
(336, 'H_H__N_N_09-03-23', 'H_H__N_N0.53870300 1680448850.jpg', 6),
(337, 'H_H__N_N_09-03-23', 'H_H__N_N0.55717200 1680448850.jpg', 6),
(338, 'H_H__N_N_09-03-23', 'H_H__N_N0.58041400 1680448850.jpg', 6),
(339, 'H_H__N_N_09-03-23', 'H_H__N_N0.60458300 1680448850.jpg', 6),
(340, 'H_H__N_N_09-03-23', 'H_H__N_N0.63050800 1680448850.jpg', 6),
(341, 'H_H__N_N_09-03-23', 'H_H__N_N0.65852400 1680448850.jpg', 6),
(342, 'H_H__N_N_09-03-23', 'H_H__N_N0.68246200 1680448850.jpg', 6),
(343, 'H_H__N_N_09-03-23', 'H_H__N_N0.70542600 1680448850.jpg', 6),
(344, 'H_H__N_N_09-03-23', 'H_H__N_N0.72443800 1680448850.jpg', 6),
(345, 'H_H__N_N_09-03-23', 'H_H__N_N0.74701600 1680448850.jpg', 6),
(346, 'H_H__N_N_09-03-23', 'H_H__N_N0.76616700 1680448850.jpg', 6),
(347, 'H_H__N_N_09-03-23', 'H_H__N_N0.78868300 1680448850.jpg', 6),
(348, 'H_H__N_N_09-03-23', 'H_H__N_N0.80766100 1680448850.jpg', 6),
(349, 'H_H__N_N_09-03-23', 'H_H__N_N0.83043800 1680448850.jpg', 6),
(350, 'H_H__N_N_09-03-23', 'H_H__N_N0.84934600 1680448850.jpg', 6),
(351, 'H_H__N_N_09-03-23', 'H_H__N_N0.87236000 1680448850.jpg', 6),
(352, 'H_H__N_N_09-03-23', 'H_H__N_N0.89128800 1680448850.jpg', 6),
(353, 'H_H__N_N_09-03-23', 'H_H__N_N0.91370700 1680448850.jpg', 6),
(354, 'H_H__N_N_09-03-23', 'H_H__N_N0.93247100 1680448850.jpg', 6),
(355, 'H_H__N_N_09-03-23', 'H_H__N_N0.96378100 1680448850.jpg', 6),
(356, 'H_H__N_N_09-03-23', 'H_H__N_N0.98257200 1680448850.jpg', 6),
(357, 'H_H__N_N_09-03-23', 'H_H__N_N0.00554400 1680448851.jpg', 6),
(358, 'H_H__N_N_09-03-23', 'H_H__N_N0.02395800 1680448851.jpg', 6),
(359, 'H_H__N_N_09-03-23', 'H_H__N_N0.04702900 1680448851.jpg', 6),
(360, 'H_H__N_N_09-03-23', 'H_H__N_N0.06590300 1680448851.jpg', 6),
(361, 'H_H__N_N_09-03-23', 'H_H__N_N0.08887100 1680448851.jpg', 6),
(362, 'H_H__N_N_09-03-23', 'H_H__N_N0.10772700 1680448851.jpg', 6),
(363, 'H_H__N_N_09-03-23', 'H_H__N_N0.13042600 1680448851.jpg', 6),
(364, 'H_H__N_N_09-03-23', 'H_H__N_N0.14915900 1680448851.jpg', 6),
(365, 'H_H__N_N_09-03-23', 'H_H__N_N0.17235300 1680448851.jpg', 6),
(366, 'H_H__N_N_09-03-23', 'H_H__N_N0.19161500 1680448851.jpg', 6),
(367, 'H_H__N_N_09-03-23', 'H_H__N_N0.22240800 1680448851.jpg', 6),
(368, 'MAINGOCTHY_09-03-23', 'MAINGOCTHY0.71387500 1680449332.jpg', 5),
(369, 'MAINGOCTHY_09-03-23', 'MAINGOCTHY0.78808200 1680449332.jpg', 5),
(370, 'MAINGOCTHY_09-03-23', 'MAINGOCTHY0.85610300 1680449332.jpg', 5),
(371, 'MAINGOCTHY_09-03-23', 'MAINGOCTHY0.88761800 1680449332.jpg', 5),
(372, 'MAINGOCTHY_09-03-23', 'MAINGOCTHY0.93728800 1680449332.jpg', 5),
(373, 'MAINGOCTHY_09-03-23', 'MAINGOCTHY0.95618600 1680449332.jpg', 5),
(374, 'MAINGOCTHY_09-03-23', 'MAINGOCTHY0.97899700 1680449332.jpg', 5),
(375, 'MAINGOCTHY_09-03-23', 'MAINGOCTHY0.99774900 1680449332.jpg', 5),
(376, 'MAINGOCTHY_09-03-23', 'MAINGOCTHY0.02070200 1680449333.jpg', 5),
(377, 'MAINGOCTHY_09-03-23', 'MAINGOCTHY0.03911500 1680449333.jpg', 5),
(378, 'MAINGOCTHY_09-03-23', 'MAINGOCTHY0.06242800 1680449333.jpg', 5),
(379, 'MAINGOCTHY_09-03-23', 'MAINGOCTHY0.08035800 1680449333.jpg', 5),
(380, 'MAINGOCTHY_09-03-23', 'MAINGOCTHY0.11230100 1680449333.jpg', 5),
(381, 'MAINGOCTHY_09-03-23', 'MAINGOCTHY0.13041300 1680449333.jpg', 5),
(382, 'MAINGOCTHY_09-03-23', 'MAINGOCTHY0.15396700 1680449333.jpg', 5),
(383, 'MAINGOCTHY_09-03-23', 'MAINGOCTHY0.17214900 1680449333.jpg', 5),
(384, 'MAINGOCTHY_09-03-23', 'MAINGOCTHY0.19574400 1680449333.jpg', 5),
(385, 'MAINGOCTHY_09-03-23', 'MAINGOCTHY0.21416500 1680449333.jpg', 5),
(386, 'MAINGOCTHY_09-03-23', 'MAINGOCTHY0.27917800 1680449333.jpg', 5),
(387, 'MAINGOCTHY_09-03-23', 'MAINGOCTHY0.29738800 1680449333.jpg', 5),
(388, 'MAINGOCTHY_09-03-23', 'MAINGOCTHY0.32160900 1680449333.jpg', 5),
(389, 'MAINGOCTHY_09-03-23', 'MAINGOCTHY0.33914600 1680449333.jpg', 5),
(390, 'MAINGOCTHY_09-03-23', 'MAINGOCTHY0.37199900 1680449333.jpg', 5),
(391, 'MAINGOCTHY_09-03-23', 'MAINGOCTHY0.38863700 1680449333.jpg', 5),
(392, 'MAINGOCTHY_09-03-23', 'MAINGOCTHY0.41234200 1680449333.jpg', 5),
(393, 'MAINGOCTHY_09-03-23', 'MAINGOCTHY0.43050600 1680449333.jpg', 5),
(394, 'MAINGOCTHY_09-03-23', 'MAINGOCTHY0.46223500 1680449333.jpg', 5),
(395, 'MAINGOCTHY_09-03-23', 'MAINGOCTHY0.48054900 1680449333.jpg', 5),
(396, 'MAINGOCTHY_09-03-23', 'MAINGOCTHY0.50464200 1680449333.jpg', 5),
(397, 'MAINGOCTHY_09-03-23', 'MAINGOCTHY0.52254700 1680449333.jpg', 5),
(398, 'MAINGOCTHY_09-03-23', 'MAINGOCTHY0.54563500 1680449333.jpg', 5),
(399, 'MAINGOCTHY_09-03-23', 'MAINGOCTHY0.57359300 1680449333.jpg', 5),
(400, 'MAINGOCTHY_09-03-23', 'MAINGOCTHY0.59574000 1680449333.jpg', 5),
(401, 'MAINGOCTHY_09-03-23', 'MAINGOCTHY0.61368400 1680449333.jpg', 5),
(402, 'MAINGOCTHY_09-03-23', 'MAINGOCTHY0.63746100 1680449333.jpg', 5),
(403, 'MAINGOCTHY_09-03-23', 'MAINGOCTHY0.65535400 1680449333.jpg', 5),
(404, 'MAINGOCTHY_09-03-23', 'MAINGOCTHY0.67891300 1680449333.jpg', 5),
(405, 'MAINGOCTHY_09-03-23', 'MAINGOCTHY0.69712700 1680449333.jpg', 5),
(406, 'MAINGOCTHY_09-03-23', 'MAINGOCTHY0.72066900 1680449333.jpg', 5),
(407, 'MAINGOCTHY_09-03-23', 'MAINGOCTHY0.73894500 1680449333.jpg', 5),
(408, 'MAINGOCTHY_09-03-23', 'MAINGOCTHY0.77900200 1680449333.jpg', 5),
(409, 'MAINGOCTHY_09-03-23', 'MAINGOCTHY0.79695600 1680449333.jpg', 5),
(410, 'MAINGOCTHY_09-03-23', 'MAINGOCTHY0.82060700 1680449333.jpg', 5),
(411, 'MAINGOCTHY_09-03-23', 'MAINGOCTHY0.83865400 1680449333.jpg', 5),
(412, 'MAINGOCTHY_09-03-23', 'MAINGOCTHY0.86229800 1680449333.jpg', 5),
(413, 'MAINGOCTHY_09-03-23', 'MAINGOCTHY0.88046300 1680449333.jpg', 5),
(414, 'MAINGOCTHY_09-03-23', 'MAINGOCTHY0.90422000 1680449333.jpg', 5),
(415, 'MAINGOCTHY_09-03-23', 'MAINGOCTHY0.92256600 1680449333.jpg', 5),
(416, 'MAINGOCTHY_09-03-23', 'MAINGOCTHY0.94563200 1680449333.jpg', 5),
(417, 'MAINGOCTHY_09-03-23', 'MAINGOCTHY0.96394300 1680449333.jpg', 5),
(418, 'MAINGOCTHY_09-03-23', 'MAINGOCTHY0.99573200 1680449333.jpg', 5),
(419, 'MAINGOCTHY_09-03-23', 'MAINGOCTHY0.01365100 1680449334.jpg', 5),
(420, 'MAINGOCTHY_09-03-23', 'MAINGOCTHY0.03724700 1680449334.jpg', 5),
(421, 'MAINGOCTHY_09-03-23', 'MAINGOCTHY0.05544300 1680449334.jpg', 5),
(422, 'MAINGOCTHY_09-03-23', 'MAINGOCTHY0.07901100 1680449334.jpg', 5),
(423, 'MAINGOCTHY_09-03-23', 'MAINGOCTHY0.09718600 1680449334.jpg', 5),
(424, 'MAINGOCTHY_09-03-23', 'MAINGOCTHY0.12067000 1680449334.jpg', 5),
(425, 'MAINGOCTHY_09-03-23', 'MAINGOCTHY0.13896600 1680449334.jpg', 5),
(426, 'MAINGOCTHY_09-03-23', 'MAINGOCTHY0.16239100 1680449334.jpg', 5),
(427, 'MAINGOCTHY_09-03-23', 'MAINGOCTHY0.18310100 1680449334.jpg', 5),
(428, 'MAINGOCTHY_09-03-23', 'MAINGOCTHY0.20413100 1680449334.jpg', 5),
(429, 'MAINGOCTHY_09-03-23', 'MAINGOCTHY0.22210200 1680449334.jpg', 5),
(430, 'MAINGOCTHY_09-03-23', 'MAINGOCTHY0.24573700 1680449334.jpg', 5),
(431, 'MAINGOCTHY_09-03-23', 'MAINGOCTHY0.26380100 1680449334.jpg', 5),
(432, 'MAINGOCTHY_09-03-23', 'MAINGOCTHY0.28747300 1680449334.jpg', 5),
(433, 'MAINGOCTHY_09-03-23', 'MAINGOCTHY0.31214600 1680449334.jpg', 5),
(434, 'MAINGOCTHY_09-03-23', 'MAINGOCTHY0.33743900 1680449334.jpg', 5),
(435, 'PHAMTRANHAIBANG_09-03-23', 'PHAMTRANHAIBANG0.73904300 1680449443.jpg', 4),
(436, 'PHAMTRANHAIBANG_09-03-23', 'PHAMTRANHAIBANG0.87375400 1680449443.jpg', 4),
(437, 'PHAMTRANHAIBANG_09-03-23', 'PHAMTRANHAIBANG0.89165900 1680449443.jpg', 4),
(438, 'TRUONGNGOCANH_09-03-23', 'TRUONGNGOCANH0.81785800 1680449811.jpg', 3),
(439, 'TRUONGNGOCANH_09-03-23', 'TRUONGNGOCANH0.89545500 1680449811.jpg', 3),
(440, 'TRUONGNGOCANH_09-03-23', 'TRUONGNGOCANH0.93646000 1680449811.jpg', 3),
(441, 'TRUONGNGOCANH_09-03-23', 'TRUONGNGOCANH0.95428200 1680449811.jpg', 3),
(442, 'TRUONGNGOCANH_09-03-23', 'TRUONGNGOCANH0.97804300 1680449811.jpg', 3),
(443, 'TRUONGNGOCANH_09-03-23', 'TRUONGNGOCANH0.99615200 1680449811.jpg', 3),
(444, 'TRUONGNGOCANH_09-03-23', 'TRUONGNGOCANH0.01973100 1680449812.jpg', 3),
(445, 'TRUONGNGOCANH_09-03-23', 'TRUONGNGOCANH0.03780700 1680449812.jpg', 3),
(446, 'TRUONGNGOCANH_09-03-23', 'TRUONGNGOCANH0.06126300 1680449812.jpg', 3),
(447, 'TRUONGNGOCANH_09-03-23', 'TRUONGNGOCANH0.07962800 1680449812.jpg', 3),
(448, 'TRUONGNGOCANH_09-03-23', 'TRUONGNGOCANH0.11142500 1680449812.jpg', 3),
(449, 'TRUONGNGOCANH_09-03-23', 'TRUONGNGOCANH0.12923400 1680449812.jpg', 3),
(450, 'TRUONGNGOCANH_09-03-23', 'TRUONGNGOCANH0.15306800 1680449812.jpg', 3),
(451, 'TRUONGNGOCANH_09-03-23', 'TRUONGNGOCANH0.17091100 1680449812.jpg', 3),
(452, 'TRUONGNGOCANH_09-03-23', 'TRUONGNGOCANH0.19460300 1680449812.jpg', 3),
(453, 'TRUONGNGOCANH_09-03-23', 'TRUONGNGOCANH0.21270500 1680449812.jpg', 3),
(454, 'TRUONGNGOCANH_09-03-23', 'TRUONGNGOCANH0.23636400 1680449812.jpg', 3),
(455, 'TRUONGNGOCANH_09-03-23', 'TRUONGNGOCANH0.25423800 1680449812.jpg', 3),
(456, 'TRUONGNGOCANH_09-03-23', 'TRUONGNGOCANH0.27802800 1680449812.jpg', 3),
(457, 'TRUONGNGOCANH_09-03-23', 'TRUONGNGOCANH0.29600800 1680449812.jpg', 3),
(458, 'TRUONGNGOCANH_09-03-23', 'TRUONGNGOCANH0.31974700 1680449812.jpg', 3),
(459, 'TRUONGNGOCANH_09-03-23', 'TRUONGNGOCANH0.33774200 1680449812.jpg', 3),
(460, 'TRUONGNGOCANH_09-03-23', 'TRUONGNGOCANH0.36146100 1680449812.jpg', 3),
(461, 'TRUONGNGOCANH_09-03-23', 'TRUONGNGOCANH0.37954200 1680449812.jpg', 3),
(462, 'TRUONGNGOCANH_09-03-23', 'TRUONGNGOCANH0.40303900 1680449812.jpg', 3),
(463, 'TRUONGNGOCANH_09-03-23', 'TRUONGNGOCANH0.43280400 1680449812.jpg', 3),
(464, 'TRUONGNGOCANH_09-03-23', 'TRUONGNGOCANH0.46130900 1680449812.jpg', 3),
(465, 'TRUONGNGOCANH_09-03-23', 'TRUONGNGOCANH0.47917500 1680449812.jpg', 3),
(466, 'TRUONGNGOCANH_09-03-23', 'TRUONGNGOCANH0.50323900 1680449812.jpg', 3),
(467, 'TRUONGNGOCANH_09-03-23', 'TRUONGNGOCANH0.52092700 1680449812.jpg', 3),
(468, 'TRUONGNGOCANH_09-03-23', 'TRUONGNGOCANH0.54478400 1680449812.jpg', 3),
(469, 'TRUONGNGOCANH_09-03-23', 'TRUONGNGOCANH0.56272600 1680449812.jpg', 3),
(470, 'TRUONGNGOCANH_09-03-23', 'TRUONGNGOCANH0.58631300 1680449812.jpg', 3),
(471, 'TRUONGNGOCANH_09-03-23', 'TRUONGNGOCANH0.60456100 1680449812.jpg', 3),
(472, 'TRUONGNGOCANH_09-03-23', 'TRUONGNGOCANH0.62815800 1680449812.jpg', 3),
(473, 'TRUONGNGOCANH_09-03-23', 'TRUONGNGOCANH0.64960700 1680449812.jpg', 3),
(474, 'TRUONGNGOCANH_09-03-23', 'TRUONGNGOCANH0.67813600 1680449812.jpg', 3),
(475, 'TRUONGNGOCANH_09-03-23', 'TRUONGNGOCANH0.76159200 1680449812.jpg', 3),
(476, 'TRUONGNGOCANH_09-03-23', 'TRUONGNGOCANH0.84498500 1680449812.jpg', 3),
(477, 'TRUONGNGOCANH_09-03-23', 'TRUONGNGOCANH0.89495600 1680449812.jpg', 3),
(478, 'TRUONGNGOCANH_09-03-23', 'TRUONGNGOCANH0.00544300 1680449813.jpg', 3),
(479, 'TRUONGNGOCANH_09-03-23', 'TRUONGNGOCANH0.07014700 1680449813.jpg', 3),
(480, 'TRUONGNGOCANH_09-03-23', 'TRUONGNGOCANH0.15548300 1680449813.jpg', 3),
(481, 'TRUONGNGOCANH_09-03-23', 'TRUONGNGOCANH0.22002600 1680449813.jpg', 3),
(482, 'TRUONGNGOCANH_09-03-23', 'TRUONGNGOCANH0.27810100 1680449813.jpg', 3),
(483, 'TRUONGNGOCANH_09-03-23', 'TRUONGNGOCANH0.29635500 1680449813.jpg', 3),
(484, 'TRUONGNGOCANH_09-03-23', 'TRUONGNGOCANH0.31973800 1680449813.jpg', 3),
(485, 'TRUONGNGOCANH_09-03-23', 'TRUONGNGOCANH0.33806600 1680449813.jpg', 3),
(486, 'TRUONGNGOCANH_09-03-23', 'TRUONGNGOCANH0.36142600 1680449813.jpg', 3),
(487, 'TRUONGNGOCANH_09-03-23', 'TRUONGNGOCANH0.37992800 1680449813.jpg', 3),
(488, 'TRUONGNGOCANH_09-03-23', 'TRUONGNGOCANH0.40321600 1680449813.jpg', 3),
(489, 'TRUONGNGOCANH_09-03-23', 'TRUONGNGOCANH0.42175000 1680449813.jpg', 3),
(490, 'TRUONGNGOCANH_09-03-23', 'TRUONGNGOCANH0.44494800 1680449813.jpg', 3),
(491, 'TRUONGNGOCANH_09-03-23', 'TRUONGNGOCANH0.46308300 1680449813.jpg', 3),
(492, 'TRUONGNGOCANH_09-03-23', 'TRUONGNGOCANH0.48661500 1680449813.jpg', 3),
(493, 'TRUONGNGOCANH_09-03-23', 'TRUONGNGOCANH0.50468700 1680449813.jpg', 3),
(494, 'TRUONGNGOCANH_09-03-23', 'TRUONGNGOCANH0.52814400 1680449813.jpg', 3),
(495, 'TRUONGNGOCANH_09-03-23', 'TRUONGNGOCANH0.54651900 1680449813.jpg', 3),
(496, 'TRUONGNGOCANH_09-03-23', 'TRUONGNGOCANH0.57816000 1680449813.jpg', 3),
(497, 'TRUONGNGOCANH_09-03-23', 'TRUONGNGOCANH0.59665000 1680449813.jpg', 3),
(498, 'TRUONGNGOCANH_09-03-23', 'TRUONGNGOCANH0.61976300 1680449813.jpg', 3),
(499, 'TRUONGNGOCANH_09-03-23', 'TRUONGNGOCANH0.64203600 1680449813.jpg', 3),
(500, 'TRUONGNGOCANH_09-03-23', 'TRUONGNGOCANH0.66974600 1680449813.jpg', 3),
(501, 'TRUONGNGOCANH_09-03-23', 'TRUONGNGOCANH0.69732300 1680449813.jpg', 3),
(502, 'TRUONGNGOCANH_09-03-23', 'TRUONGNGOCANH0.71260400 1680449813.jpg', 3),
(503, 'TRUONGNGOCANH_09-03-23', 'TRUONGNGOCANH0.73057400 1680449813.jpg', 3),
(504, 'TRUONGNGOCANH_09-03-23', 'TRUONGNGOCANH0.74594500 1680449813.jpg', 3),
(505, 'KILIGKIRA_09-03-23', 'KILIGKIRA0.06514000 1680450551.jpg', 2),
(506, 'KILIGKIRA_09-03-23', 'KILIGKIRA0.13281800 1680450551.jpg', 2),
(507, 'KILIGKIRA_09-03-23', 'KILIGKIRA0.14746900 1680450551.jpg', 2),
(508, 'KILIGKIRA_09-03-23', 'KILIGKIRA0.18219800 1680450551.jpg', 2),
(509, 'KILIGKIRA_09-03-23', 'KILIGKIRA0.20590600 1680450551.jpg', 2),
(510, 'KILIGKIRA_09-03-23', 'KILIGKIRA0.22392900 1680450551.jpg', 2),
(511, 'KILIGKIRA_09-03-23', 'KILIGKIRA0.23916600 1680450551.jpg', 2),
(512, 'KILIGKIRA_09-03-23', 'KILIGKIRA0.25700700 1680450551.jpg', 2),
(513, 'KILIGKIRA_09-03-23', 'KILIGKIRA0.27256100 1680450551.jpg', 2),
(514, 'KILIGKIRA_09-03-23', 'KILIGKIRA0.29039600 1680450551.jpg', 2),
(515, 'KILIGKIRA_09-03-23', 'KILIGKIRA0.30551600 1680450551.jpg', 2),
(516, 'KILIGKIRA_09-03-23', 'KILIGKIRA0.32366400 1680450551.jpg', 2),
(517, 'KILIGKIRA_09-03-23', 'KILIGKIRA0.33901100 1680450551.jpg', 2),
(518, 'KILIGKIRA_09-03-23', 'KILIGKIRA0.35705300 1680450551.jpg', 2),
(519, 'KILIGKIRA_09-03-23', 'KILIGKIRA0.37245000 1680450551.jpg', 2),
(520, 'KILIGKIRA_09-03-23', 'KILIGKIRA0.39040100 1680450551.jpg', 2),
(521, 'KILIGKIRA_09-03-23', 'KILIGKIRA0.41006200 1680450551.jpg', 2),
(522, 'KILIGKIRA_09-03-23', 'KILIGKIRA0.43214800 1680450551.jpg', 2),
(523, 'KILIGKIRA_09-03-23', 'KILIGKIRA0.44743300 1680450551.jpg', 2),
(524, 'KILIGKIRA_09-03-23', 'KILIGKIRA0.52394500 1680450551.jpg', 2),
(525, 'KILIGKIRA_09-03-23', 'KILIGKIRA0.57138100 1680450551.jpg', 2),
(526, 'KILIGKIRA_09-03-23', 'KILIGKIRA0.66422600 1680450551.jpg', 2),
(527, 'KILIGKIRA_09-03-23', 'KILIGKIRA0.73228000 1680450551.jpg', 2),
(528, 'KILIGKIRA_09-03-23', 'KILIGKIRA0.76544500 1680450551.jpg', 2),
(529, 'KILIGKIRA_09-03-23', 'KILIGKIRA0.78142900 1680450551.jpg', 2),
(530, 'KILIGKIRA_09-03-23', 'KILIGKIRA0.80713100 1680450551.jpg', 2),
(531, 'KILIGKIRA_09-03-23', 'KILIGKIRA0.83022900 1680450551.jpg', 2),
(532, 'KILIGKIRA_09-03-23', 'KILIGKIRA0.85709300 1680450551.jpg', 2),
(533, 'KILIGKIRA_09-03-23', 'KILIGKIRA0.87279700 1680450551.jpg', 2),
(534, 'KILIGKIRA_09-03-23', 'KILIGKIRA0.89037800 1680450551.jpg', 2),
(535, 'KILIGKIRA_09-03-23', 'KILIGKIRA0.90618900 1680450551.jpg', 2),
(536, 'KILIGKIRA_09-03-23', 'KILIGKIRA0.92396800 1680450551.jpg', 2),
(537, 'KILIGKIRA_09-03-23', 'KILIGKIRA0.93957200 1680450551.jpg', 2),
(538, 'KILIGKIRA_09-03-23', 'KILIGKIRA0.95741200 1680450551.jpg', 2),
(539, 'KILIGKIRA_09-03-23', 'KILIGKIRA0.97299100 1680450551.jpg', 2),
(540, 'KILIGKIRA_09-03-23', 'KILIGKIRA0.99880600 1680450551.jpg', 2),
(541, 'KILIGKIRA_09-03-23', 'KILIGKIRA0.01433200 1680450552.jpg', 2),
(542, 'KILIGKIRA_09-03-23', 'KILIGKIRA0.03218400 1680450552.jpg', 2),
(543, 'KILIGKIRA_09-03-23', 'KILIGKIRA0.04761800 1680450552.jpg', 2),
(544, 'KILIGKIRA_09-03-23', 'KILIGKIRA0.06544700 1680450552.jpg', 2),
(545, 'KILIGKIRA_09-03-23', 'KILIGKIRA0.08120700 1680450552.jpg', 2),
(546, 'KILIGKIRA_09-03-23', 'KILIGKIRA0.09881700 1680450552.jpg', 2),
(547, 'KILIGKIRA_09-03-23', 'KILIGKIRA0.11450600 1680450552.jpg', 2),
(548, 'KILIGKIRA_09-03-23', 'KILIGKIRA0.13213600 1680450552.jpg', 2),
(549, 'KILIGKIRA_09-03-23', 'KILIGKIRA0.14801100 1680450552.jpg', 2),
(550, 'KILIGKIRA_09-03-23', 'KILIGKIRA0.17405000 1680450552.jpg', 2),
(551, 'KILIGKIRA_09-03-23', 'KILIGKIRA0.18936800 1680450552.jpg', 2),
(552, 'KILIGKIRA_09-03-23', 'KILIGKIRA0.20722300 1680450552.jpg', 2),
(553, 'KILIGKIRA_09-03-23', 'KILIGKIRA0.22289400 1680450552.jpg', 2),
(554, 'KILIGKIRA_09-03-23', 'KILIGKIRA0.24043700 1680450552.jpg', 2),
(555, 'KILIGKIRA_09-03-23', 'KILIGKIRA0.26475700 1680450552.jpg', 2),
(556, 'KILIGKIRA_09-03-23', 'KILIGKIRA0.28206600 1680450552.jpg', 2),
(557, 'KILIGKIRA_09-03-23', 'KILIGKIRA0.29789900 1680450552.jpg', 2),
(558, 'KILIGKIRA_09-03-23', 'KILIGKIRA0.32376300 1680450552.jpg', 2),
(559, 'KILIGKIRA_09-03-23', 'KILIGKIRA0.33927200 1680450552.jpg', 2),
(560, 'KILIGKIRA_09-03-23', 'KILIGKIRA0.35788000 1680450552.jpg', 2),
(561, 'KILIGKIRA_09-03-23', 'KILIGKIRA0.37274800 1680450552.jpg', 2),
(562, 'KILIGKIRA_09-03-23', 'KILIGKIRA0.39039100 1680450552.jpg', 2),
(563, 'KILIGKIRA_09-03-23', 'KILIGKIRA0.40621200 1680450552.jpg', 2),
(564, 'KILIGKIRA_09-03-23', 'KILIGKIRA0.43213600 1680450552.jpg', 2),
(565, 'KILIGKIRA_09-03-23', 'KILIGKIRA0.44785800 1680450552.jpg', 2),
(566, 'KILIGKIRA_09-03-23', 'KILIGKIRA0.46551200 1680450552.jpg', 2),
(567, 'KILIGKIRA_09-03-23', 'KILIGKIRA0.48695100 1680450552.jpg', 2),
(568, 'KILIGKIRA_09-03-23', 'KILIGKIRA0.50720800 1680450552.jpg', 2),
(569, 'KILIGKIRA_09-03-23', 'KILIGKIRA0.52262900 1680450552.jpg', 2),
(570, 'KILIGKIRA_09-03-23', 'KILIGKIRA0.54052800 1680450552.jpg', 2),
(571, 'KILIGKIRA_09-03-23', 'KILIGKIRA0.55613400 1680450552.jpg', 2),
(572, 'KILIGKIRA_09-03-23', 'KILIGKIRA0.57445000 1680450552.jpg', 2),
(573, 'KILIGKIRA_09-03-23', 'KILIGKIRA0.58945600 1680450552.jpg', 2),
(574, 'KILIGKIRA_09-03-23', 'KILIGKIRA0.60716100 1680450552.jpg', 2),
(575, 'KILIGKIRA_09-03-23', 'KILIGKIRA0.62299100 1680450552.jpg', 2),
(576, 'KILIGKIRA_09-03-23', 'KILIGKIRA0.64049000 1680450552.jpg', 2),
(577, 'KILIGKIRA_09-03-23', 'KILIGKIRA0.68089100 1680450552.jpg', 2),
(578, 'KILIGKIRA_09-03-23', 'KILIGKIRA0.69901000 1680450552.jpg', 2),
(579, 'KILIGKIRA_09-03-23', 'KILIGKIRA0.71441900 1680450552.jpg', 2),
(580, 'KILIGKIRA_09-03-23', 'KILIGKIRA0.73218900 1680450552.jpg', 2),
(581, 'KILIGKIRA_09-03-23', 'KILIGKIRA0.74767800 1680450552.jpg', 2),
(582, 'KILIGKIRA_09-03-23', 'KILIGKIRA0.76553000 1680450552.jpg', 2),
(583, 'KILIGKIRA_09-03-23', 'KILIGKIRA0.78109600 1680450552.jpg', 2),
(584, 'KILIGKIRA_09-03-23', 'KILIGKIRA0.79889900 1680450552.jpg', 2),
(585, 'KILIGKIRA_09-03-23', 'KILIGKIRA0.81451500 1680450552.jpg', 2),
(586, 'KILIGKIRA_09-03-23', 'KILIGKIRA0.83217100 1680450552.jpg', 2),
(587, 'KILIGKIRA_09-03-23', 'KILIGKIRA0.84791200 1680450552.jpg', 2),
(588, 'KILIGKIRA_09-03-23', 'KILIGKIRA0.89147700 1680450552.jpg', 2),
(589, 'KILIGKIRA_09-03-23', 'KILIGKIRA0.91556200 1680450552.jpg', 2),
(590, 'KILIGKIRA_09-03-23', 'KILIGKIRA0.93047200 1680450552.jpg', 2),
(591, 'KILIGKIRA_09-03-23', 'KILIGKIRA0.94887500 1680450552.jpg', 2),
(592, 'KILIGKIRA_09-03-23', 'KILIGKIRA0.96384800 1680450552.jpg', 2),
(593, 'KILIGKIRA_09-03-23', 'KILIGKIRA0.98218500 1680450552.jpg', 2),
(594, 'KILIGKIRA_09-03-23', 'KILIGKIRA0.99745700 1680450552.jpg', 2),
(595, 'KILIGKIRA_09-03-23', 'KILIGKIRA0.01561500 1680450553.jpg', 2),
(596, 'PHAMTRANHAIBANG_09-03-23', 'PHAMTRANHAIBANG1680450765.jpg', 4);

--
-- Indexes for dumped tables
--

--
-- Indexes for table `accounts`
--
ALTER TABLE `accounts`
  ADD PRIMARY KEY (`account_id`),
  ADD UNIQUE KEY `account_name` (`account_name`);

--
-- Indexes for table `girls`
--
ALTER TABLE `girls`
  ADD PRIMARY KEY (`girl_id`),
  ADD UNIQUE KEY `folder` (`folder`);

--
-- Indexes for table `levels`
--
ALTER TABLE `levels`
  ADD PRIMARY KEY (`level_id`),
  ADD UNIQUE KEY `level_name` (`level_name`);

--
-- Indexes for table `origins`
--
ALTER TABLE `origins`
  ADD PRIMARY KEY (`origin_id`),
  ADD UNIQUE KEY `origin_name` (`origin_name`);

--
-- Indexes for table `photos`
--
ALTER TABLE `photos`
  ADD PRIMARY KEY (`photo_id`),
  ADD UNIQUE KEY `name` (`name`);

--
-- AUTO_INCREMENT for dumped tables
--

--
-- AUTO_INCREMENT for table `accounts`
--
ALTER TABLE `accounts`
  MODIFY `account_id` int NOT NULL AUTO_INCREMENT, AUTO_INCREMENT=9;

--
-- AUTO_INCREMENT for table `girls`
--
ALTER TABLE `girls`
  MODIFY `girl_id` int NOT NULL AUTO_INCREMENT, AUTO_INCREMENT=34;

--
-- AUTO_INCREMENT for table `levels`
--
ALTER TABLE `levels`
  MODIFY `level_id` int NOT NULL AUTO_INCREMENT, AUTO_INCREMENT=5;

--
-- AUTO_INCREMENT for table `origins`
--
ALTER TABLE `origins`
  MODIFY `origin_id` int NOT NULL AUTO_INCREMENT, AUTO_INCREMENT=11;

--
-- AUTO_INCREMENT for table `photos`
--
ALTER TABLE `photos`
  MODIFY `photo_id` int NOT NULL AUTO_INCREMENT, AUTO_INCREMENT=597;
COMMIT;

/*!40101 SET CHARACTER_SET_CLIENT=@OLD_CHARACTER_SET_CLIENT */;
/*!40101 SET CHARACTER_SET_RESULTS=@OLD_CHARACTER_SET_RESULTS */;
/*!40101 SET COLLATION_CONNECTION=@OLD_COLLATION_CONNECTION */;
